<application>
  <component name="FileTypeManager" version="17">
    <extensionMap>
      <mapping pattern="o54X4NUxO-VVU3FLuJrpuuPQ93raRRfjBqqwy4I15RE" type="PLAIN_TEXT" />
      <mapping pattern="error_log" type="PLAIN_TEXT" />
      <mapping pattern=".browserslistrc" type="PLAIN_TEXT" />
      <mapping pattern="npmignore" type="PLAIN_TEXT" />
      <mapping pattern="Jenkinsfile" type="PLAIN_TEXT" />
      <mapping pattern=".browserslistrc\" type="PLAIN_TEXT" />
      <mapping ext="wd3" type="PLAIN_TEXT" />
      <mapping ext="text" type="PLAIN_TEXT" />
    </extensionMap>
  </component>
</application>