<code_scheme name="Default" version="173">
  <JSCodeStyleSettings version="0">
    <option name="SPACE_BEFORE_PROPERTY_COLON" value="true" />
    <option name="SPACE_WITHIN_ARRAY_INITIALIZER_BRACKETS" value="true" />
    <option name="REFORMAT_C_STYLE_COMMENTS" value="true" />
    <option name="SPACES_WITHIN_OBJECT_LITERAL_BRACES" value="true" />
    <option name="SPACES_WITHIN_IMPORTS" value="true" />
    <option name="SPACES_WITHIN_INTERPOLATION_EXPRESSIONS" value="true" />
  </JSCodeStyleSettings>
  <ScssCodeStyleSettings>
    <option name="VALUE_ALIGNMENT" value="1" />
    <option name="ENFORCE_QUOTES_ON_FORMAT" value="true" />
  </ScssCodeStyleSettings>
  <codeStyleSettings language="Blade">
    <indentOptions>
      <option name="INDENT_SIZE" value="2" />
      <option name="TAB_SIZE" value="2" />
    </indentOptions>
  </codeStyleSettings>
  <codeStyleSettings language="JavaScript">
    <option name="SPACE_WITHIN_PARENTHESES" value="true" />
    <option name="SPACE_WITHIN_METHOD_CALL_PARENTHESES" value="true" />
    <option name="SPACE_WITHIN_METHOD_PARENTHESES" value="true" />
    <option name="SPACE_WITHIN_IF_PARENTHESES" value="true" />
    <option name="SPACE_WITHIN_WHILE_PARENTHESES" value="true" />
    <option name="SPACE_WITHIN_FOR_PARENTHESES" value="true" />
    <option name="SPACE_WITHIN_CATCH_PARENTHESES" value="true" />
    <option name="SPACE_WITHIN_SWITCH_PARENTHESES" value="true" />
    <option name="SPACE_BEFORE_METHOD_PARENTHESES" value="true" />
  </codeStyleSettings>
</code_scheme>